metric,value
test_auc,0.7647808859902534
cv_auc_mean,0.7595783590821477
cv_auc_std,0.002260061305941503
scale_pos_weight,6.740072311066869
rows_used,2245134.0
features_used,97.0
high_risk_test_index,60253.0
optuna_best_auc,0.7604734938131059
